{
    "Transactions_Explained": 1000,
    "Total_Features": 33,
    "Average_SHAP": 0.015690234313009123,
    "Maximum_SHAP": 0.181250046389347,
    "Generated_On": "2026-07-19 12:42:20"
}