Feature,Mean_SHAP
V12,0.07416509003206885
V14,0.07130569366904962
V3,0.05388912344983272
V4,0.05005414901536186
V10,0.048554442366336825
V11,0.04459648147537164
V17,0.03439731685428225
V16,0.01694880957043626
V7,0.014646855049270914
V1,0.00917689008679136
