Model,Accuracy,Precision,Recall,F1 Score,ROC-AUC
Decision Tree,0.9976914672399817,0.39156626506024095,0.6842105263157895,0.49808429118773945,0.8412138402350866
