Model,Accuracy,Precision,Recall,F1 Score,ROC-AUC
Decision Tree,0.9977443344024248,0.39751552795031053,0.6736842105263158,0.5,0.8359859862184807
