Model,Accuracy,Precision,Recall,F1 Score,ROC-AUC
Logistic Regression,0.9783773305607444,0.06327160493827161,0.8631578947368421,0.11790079079798706,0.9506200940383828
