Model,Accuracy,Precision,Recall,F1 Score,ROC-AUC
Logistic Regression,0.973848376978113,0.05337620578778135,0.8736842105263158,0.1006060606060606,0.9555750862390128
