Model,Accuracy,Precision,Recall,F1 Score,ROC AUC
Random Forest (Class Weights),0.9994889507630493,0.9583333333333334,0.7263157894736842,0.8263473053892215,0.9438932187753457
