Model,Accuracy,Precision,Recall,F1 Score,ROC-AUC
Random Forest,0.9994360836006062,0.9090909090909091,0.7368421052631579,0.813953488372093,0.9590776954743216
