Model,Accuracy,Precision,Recall,F1 Score,ROC-AUC
Random Forest (Random Undersampling),0.9856025094279773,0.09255079006772009,0.8631578947368421,0.1671763506625892,0.9729072464926061
