Model,Accuracy,Precision,Recall,F1 Score,ROC-AUC
Random Forest,0.9994360836006062,0.8987341772151899,0.7473684210526316,0.8160919540229885,0.9545201506174927
