Model,Accuracy,Precision,Recall,F1 Score,ROC-AUC
XGBoost,0.999365594050682,0.8105263157894737,0.8105263157894737,0.8105263157894737,0.967861207448375
