Model,Accuracy,Precision,Recall,F1 Score,ROC-AUC
XGBoost,0.9992069925633524,0.7551020408163265,0.7789473684210526,0.7668393782383419,0.9597455891055949
