Model,Accuracy,Precision,Recall,F1 Score,ROC-AUC
XGBoost,0.999365594050682,0.8105263157894737,0.8105263157894737,0.8105263157894737,0.967861207448375
Tuned XGBoost,0.9994889507630493,0.8837209302325582,0.8,0.8397790055248618,0.9687939730705735
